{"errors":[],"warnings":[],"namedChunkGroups":{"app":{"chunks":[3,1,0],"assets":["webpack-runtime-cde34958002d817eef3b.js","webpack-runtime-cde34958002d817eef3b.js.map","commons-2532ae70c7f15971bfa3.js","commons-2532ae70c7f15971bfa3.js.map","app-3a7d55c5aa0bcdcc6d68.js","app-3a7d55c5aa0bcdcc6d68.js.map"],"children":{},"childAssets":{}},"component---gatsby-theme-mdx-deck-src-templates-deck-js":{"chunks":[2],"assets":["component---gatsby-theme-mdx-deck-src-templates-deck-js-b3daf1637aa92fe46fd4.js","component---gatsby-theme-mdx-deck-src-templates-deck-js-b3daf1637aa92fe46fd4.js.map"],"children":{},"childAssets":{}}},"assetsByChunkName":{"app":["webpack-runtime-cde34958002d817eef3b.js","commons-2532ae70c7f15971bfa3.js","app-3a7d55c5aa0bcdcc6d68.js"],"component---gatsby-theme-mdx-deck-src-templates-deck-js":["component---gatsby-theme-mdx-deck-src-templates-deck-js-b3daf1637aa92fe46fd4.js"]}}